Breed_ID,Breed_name,AltBreedName,PetGroup1,PetGroup2,MaleWtLb,Fur_Length,Avg_life_time,Temperament,Pet_Category_ID
1,Teemo,,,,11,Long,100,Easy to give up. Lol CREATE THIS ROW FOR OUR OWN DOG Lol,1
2,Affenpinscher,,Toy,Companion,9,,11.42,"Active, Adventurous, Curious, Fun-loving, Playful, Stubborn",1
3,Afghan Hound,,Sporting,Sight,62,,11.92,"Aloof, Clownish, Dignified, Happy, Independent",1
4,African Hunting Dog,,,,51,,10.75,Wild,1
5,Airedale Terrier,Airedale,Terrier,Terrier,57,,,"Alert, Confident, Courageous, Friendly, Intelligent, Outgoing",1
6,Akbash,,Working,Guardian,117,,,"Affectionate, Alert, Courageous, Independent, Intelligent, Loyal",1
7,Akita,,Working,Herding,97,,9.92,"Alert, Courageous, Dignified, Docile, Friendly, Intelligent, Responsive",1
8,Alaskan Malamute,Malamute,Working,0rthern,88,,10.71,"Affectionate, Devoted, Dignified, Friendly, Loyal, Playful",1
9,American Bulldog,,Working,Guardian,84,,,"Affectionate, Alert, Courageous, Energetic, Gentle, Loving, Out-going, Social",1
11,American Eskimo Dog,,0n Sporting,0rthern,18,,,"Alert, Energetic, Friendly, Independent, Intelligent, Protective",1
10,American Staffordshire Terrier,,Terrier,Terrier,62,,,"Attentive, Courageous, Devoted, Friendly, Loyal, Tenacious, Intelligent",1
12,American Hairless Terrier,,Terrier,Terrier,11,,,"Alert, Lively, Loving, Intelligent, Inquisitive, Playful",1
13,American Water Spaniel,,Sporting,Gun,35,,,"Energetic, Friendly, Intelligent, Obedient, Protective, Trainable",1
14,Anatolian Shepherd,,Working,Guardian,115,,,"Bold, Confident, Independent, Intelligent, Proud, Steady",1
15,Appenzell Mountain Dog,Appenzeller,Working,Guardian,60,,,"Energetic, Fearless, Lively, Reliable, Self-assured, Social",1
16,Australian Cattle Dog/Blue Heeler,,Herding,Herding,46,,11.67,"Aggressive, Alert, Energetic, Intelligent, Loyal, Protective, Responsive",1
17,Australian Kelpie,Kelpie,Working,Herding,35,,,"Alert, Eager, Energetic, Friendly, Intelligent, Loyal, Robust",1
18,Australian Shepherd,,Terrier,Terrier,60,,9,"Active, Affectionate, Friendly, Good-natured, Intelligent, Protective, Loving",1
19,Australian Terrier,,Terrier,Terrier,11,,12.08,"Alert, Compassionate, Courageous, Even Tempered, Loyal, Spirited, Intelligent",1
20,Basenji,,Hound,Sight,24,,13.54,"Affectionate, Alert, Curious, Energetic, Playful, Intelligent",1
21,Basset Hound,Basset,Hound,Scenthound,57,,11.29,"Affectionate, Devoted, Friendly, Gentle, Sweet-tempered, Tenacious",1
22,Beagle,,Hound,Scenthound,24,,12.67,"Friendly, Gentle, Independent, Intelligent, Lively, Loving, Sweet",1
23,Bearded Collie,,Herding,Herding,51,,13.38,"Active, Alert, Hardy, Intelligent, Lively, Self-confident",1
24,Beauceron,,Herding,Herding,110,,,"Courageous, Obedient, Loyal, Protective, Loving",1
25,Bedlington Terrier,,Terrier,Terrier,20,,13.38,"Affectionate, Devoted, Energetic, Loyal, Playful, Reliable, Intelligent",1
26,Belgian Shepherd Dog Sheepdog,Groenendael,Herding,Herding,71,,12.5,"Active, Alert, Confident, Friendly, Hard-working, Protective, Stubborn, Watchful, Intelligent",1
27,Belgian Shepherd Laeke0is,,Herding,Herding,62,,,"Active, Alert, Energetic, Lively, Protective, Watchful",1
28,Belgian Shepherd Mali0is,Mali0is,Herding,Herding,60,,,"Active, Alert, Confident, Friendly, Hard-working, Protective, Stubborn, Watchful",1
29,Belgian Shepherd Tervuren,,Herding,Herding,75,,,"Alert, Attentive, Energetic, Intelligent, Loyal, Protective",1
30,Bernese Mountain Dog,,Working,Guardian,97,,8,"Affectionate, Faithful, Intelligent, Loyal",1
31,Bichon Frise,,0n Sporting,Companion,9,,12.92,"Affectionate, Cheerful, Feisty, Gentle, Playful, Intelligent, Sensitive",1
32,Black and Tan Coonhound,,Hound,Scenthound,121,,,"Adaptable, Easygoing, Even-tempered, Gentle, Lovable, Trusting, Intelligent",1
33,Black Labrador Retriever,,Sporting,Gun,71,,,"Affectionate, Alert, Cheerful, Energetic, Friendly, Gentle, Intelligent, Loving, Loyal, Outgoing, Playful, Responsive, Social",1
34,Black Mouth Cur,,Hound,Scenthound,71,,,"Active, Fearless, Kind, Loyal, Protective, Trainable",1
35,Black Russian Terrier,,Working,Guardian,112,,,"Brave, Confident, Energetic, Hardy, Lively, Stable",1
36,Bloodhound,,Hound,Scenthound,101,,6.79,"Affectionate, Even-tempered, Gentle, Stubborn, Independent",1
37,Blue Lacy,,Sporting,Gun,40,,,"Active, Alert, Bold, Devoted, Intelligent, Intense",1
38,Bluetick Coonhound,Bluetick,Hound,Scenthound,62,,,"Friendly, Active, Gentle",1
39,Boerboel,,Working,Guardian,176,,,"Confident, Dominant, Intelligent, Obedient, Territorial",1
40,Bolognese,,Working,Companion,7,,,"Docile, Enterprising, Loyal, Reserved, Serious",1
41,Border Collie,,Herding,Herding,37,,12.25,"Intelligent, Energetic, Alert, Responsive, Tenacious, Loyal, Protective",1
42,Border Terrier,,Terrier,Terrier,15,,14,"Affectionate, Alert, Even-tempered, Fearless, Intelligent, Obedient",1
43,Borzoi,,Hound,Sight,90,,9.08,"Athletic, Gentle, Independent, Intelligent, Quiet, Respectful",1
44,Boston Terrier,Boston Bull,0n Sporting,Companion,20,,10.92,"Affectionate, Aggressive, Friendly, Gentle, Intelligent, Lively, Playful",1
45,Bouvier des Flanders,,Herding,Herding,93,,11.33,"Familial, Gentle, Intelligent, Loyal, Protective, Rational",1
46,Boxer,,Working,Guardian,66,,10.25,"Brave, Bright, Confident, Energetic, Fearless, Friendly, Intelligent, Loyal, Playful",1
47,Boykin Spaniel,,Sporting,Gun,33,,,"Companionable, Eager, Energetic, Friendly, Intelligent, Trainable",1
48,Briard,,Herding,Gun,77,,11.17,"Faithful, Fearless, Intelligent, Loyal, Obedient, Protective",1
49,Brittany Spaniel,,Sporting,Gun,37,,12.88,"Alert, Independent, Intelligent, Responsive, Social",1
50,Brussels Griffon,Brabancon Griffon,Toy,Companion,9,,,"Alert, Companionable, Inquisitive, Self-important, Sensitive, Watchful",1
51,Bull Terrier,American Pit Bull Terrier,Terrier,Terrier,62,,10,"Active, Keen, Protective, Sweet-tempered, Trainable",1
52,Bullmastiff,Bull Mastiff,Working,Guardian,121,,7.46,"Alert, Calm, Courageous, Devoted, Docile, Powerful, Loyal, Protective, Reliable",1
53,Cairn Terrier,Cairn,Terrier,Terrier,15,,14,"Active, Assertive, Courageous, Fearless, Hardy, Intelligent",1
54,Canaan Dog,,Herding,Sight,46,,14.63,"Alert, Cautious, Devoted, Quick, Vigilant",1
55,Cane Corso Mastiff,,Working,Guardian,104,,,"Cheerful, Courageous, Loyal, Quiet, Social",1
56,Carolina Dog,,,Sight,40,,,"Adaptable, Gentle, Loyal, Primitive, Reserved",1
57,Catahoula Leopard Dog,,Herding,Herding,60,,,"Alert, Courageous, Energetic, Gentle, Independent, Intelligent, Loving, Loyal, Protective",1
58,Cattle Dog,,Herding,Herding,46,,,"Aggressive, Alert, Energetic, Intelligent, Loyal, Protective, Responsive",1
59,Caucasian Sheepdog (Caucasian Ovtcharka),,Working,Guardian,139,,,"Alert, Calm, Dominant, Powerful, Quick,Strong",1
60,Cavalier King Charles Spaniel,,Toy,Companion,15,,11.38,"Affectionate, Cheerful, Courageous, Gentle, Intelligent, Social",1
61,Chesapeake Bay Retriever,,Sporting,Gun,73,,10.75,"Happy, Affectionate, Dominant, Intelligent, Protective, Quiet",1
62,Chihuahua,,Toy,Companion,4,,12.42,"Alert, Courageous, Devoted, Lively, Intelligent, Quick",1
63,Chinese Crested Dog,,Toy,Companion,9,,10.08,"Affectionate, Alert, Happy, Lively, Playful, Sweet-tempered",1
64,Chinese Foo Dog,,Working,0rthern,55,,,"Friendly, Devoted, Courageous",1
65,Chi0ok,,Working,0rthern,71,,,"Alert, Calm, Dignified, Friendly, Responsive",1
66,Chocolate Labrador Retriever,,Sporting,Gun,71,,,"Affectionate, Alert, Cheerful, Energetic, Friendly, Gentle, Intelligent, Loving, Loyal, Outgoing, Playful, Responsive, Social",1
67,Chow Chow,Chow,0n Sporting,0rthern,57,,9.38,"Aloof, Independent, Loyal, Quiet, Intelligent, Protective, Detached",1
68,Cirneco dell'Etna,,Hound,Sight,24,,10.33,"Affectionate, Gentle, Lively",1
69,Clumber Spaniel,Clumber,Sporting,Gun,71,,,"Gentle, Loyal, Affectionate, Dignified, Aloof",1
70,Cockapoo,,Sporting,Gun,18,,,"Affectionate, Alert, Cheerful, Friendly, Intelligent, Loving, Loyal, Outgoing, Playful, Responsive, Social",1
71,Cocker Spaniel,,Sporting,Gun,22,,11.17,"Even Tempered, Joyful, Merry, Outgoing, Intelligent, Sociable, Trusting",1
72,Collie,,Herding,Herding,68,,12.67,"Friendly, Gentle, Intelligent, Loyal, Protective, Responsive, Social",1
73,Coonhound,,Hound,Scenthound,121,,,"Adaptable, Easygoing, Even-tempered, Gentle, Lovable, Trusting, Intelligent",1
74,Corgi,,Herding,Herding,29,,,"Active, Affectionate, Alert, Companionable, Devoted, Gentle, Intelligent",1
75,Coton de Tulear,,0n Sporting,Companion,13,,,"Affectionate, Intelligent, Lively, Playful, Trainable, Vocal",1
76,Curly-Coated Retriever,,Sporting,Gun,75,,10.75,"Clever, Independent, Intelligent, Lively, Sensitive, Trainable",1
77,Dachshund,,Hound,Scenthound,15,,12.67,"Clever, Courageous, Devoted, Lively, Playful, Stubborn",1
78,Dalmatian,,0n Sporting,Companion,55,,12.5,"Active, Energetic, Friendly, Intelligent, Outgoing, Playful, Sensitive",1
79,Dandi Dinmont Terrier,Dandie Dinmont,Terrier,Terrier,22,,12.17,"Affectionate, Companionable, Determined, Fun-loving, Independent, Lively, Intelligent",1
80,Dhole,,,,40,,,Wild,1
81,Dingo,,,,35,,,Wild,1
82,Doberman Pinscher,Doberman,Working,Guardian,95,,10.5,"Alert, Energetic, Fearless, Intelligent, Loyal, Obedient",1
83,Dogo Argenti0,,Working,Guardian,95,,,"Affectionate, Cheerful, Friendly, Loyal, Protective, Tolerant, Social",1
84,Dogue de Bordeaux,,Working,Guardian,132,,3.83,"Companionable, Courageous, Devoted, Even-tempered, Loyal, Vigiliant",1
85,Dutch Shepherd,,Herding,Herding,62,,,"Affectionate, Alert, Loyal, Obedient, Reliable, Trainable",1
86,English Bulldog,,0n Sporting,Companion,55,,,"Aggressive, Courageous, Friendly, Loving, Social, Sweet",1
87,English Cocker Spaniel,,Sporting,Gun,31,,,"Affectionate, Faithful, Friendly, Intelligent, Playful, Quiet, Trainable",1
88,English Coonhound,,Hound,Scenthound,57,,,"Active, Energetic, High-strung, Loyal",1
89,English Pointer,,Sporting,Gun,55,,,"Active, Affectionate, Amiable, Even-tempered, Kind, Loyal, Intelligent",1
90,English Setter,,Sporting,Gun,66,,11.58,"Strong-willed, Mischevious, Gentle, Energetic, Intelligent",1
91,English Shepherd,,Herding,Herding,55,,,"Adaptable, Alert, Courageous, Energetic, Friendly, Independent, Intelligent, Playful, Responsibe",1
92,English Springer Spaniel,,Sporting,Gun,51,,12,"Affectionate, Alert, Cheerful, Energetic, Intelligent, Playful, Social",1
93,English Toy Spaniel,Blenheim Spaniel,Toy,Companion,11,,,"Affectionate, Gentle, Happy, Loving, Playful, Reserved",1
94,Entlebucher,,Herding,Guardian,60,,,"Agile, Devoted, Independent, Loyal, Self-confident",1
95,Eskimo Dog,,0n Sporting,0rthern,18,,,"Alert, Energetic, Friendly, Independent, Intelligent, Protective",1
96,Feist,,Terrier,Terrier,33,,,"Agile, Alert, Lovable, Spirited, Swift",1
97,Field Spaniel,,Sporting,Gun,42,,11.63,"Adaptable, Cautious, Docile, Familial, Sensitive, Sociable",1
98,Fila Brasileiro,,Working,Guardian,101,,,"Brave, Courageous, Determined, Docile, Loyal, Obedient",1
99,Finnish Lapphund,,Herding,0rthern,40,,7.33,"Calm, Courageous, Faithful, Friendly, Keen",1
100,Finnish Spitz,,0n Sporting,0rthern,33,,11.13,"Happy, Independent, Intelligent, Loyal, Playful, Vocal",1
101,Flat-coated Retriever,,Sporting,Gun,66,,9.83,"Friendly, Confident, Devoted, Optimistic, Outgoing, Intelligent",1
102,Fox Terrier,,Terrier,Terrier,18,,13.13,"Active, Affectionate, Alert, Fearless, Intelligent, Playful",1
103,Foxhound,,Hound,Scenthound,71,,,"Independent, Intelligent, Kind, Loving, Loyal, Sweet-tempered",1
104,French Bulldog,,0n Sporting,Companion,26,,9,"Affectionate, Playful, Alert, Athletic, Bright, Easygoing, Keen, Lively, Patient",1
105,Galgo Spanish Greyhound,,Hound,Sight,55,,,"Affectionate, Calm, Quiet, Gentle",1
106,German Pinscher,,Working,Terrier,31,,11.38,"Even-tempered, Familial, Courageous, Lively, Loving, Spirited",1
107,German Shepherd Dog,German Shepherd,Herding,Herding,77,,,"Alert, Confident, Courageous, Curious, Intelligent, Loyal, Obedient, Watchful",1
108,German Shorthaired Pointer,German Short Haired Pointer,Working,Gun,64,,12,"Affectionate, Boisterous, Bold, Cooperative, Intelligent, Trainable",1
109,German Spitz,,0n Sporting,0rthern,18,,11.33,"Alert, Energetic, Friendly, Independent, Intelligent, Protective",1
110,German Wirehaired Pointer,,Sporting,Gun,66,,10,"Active, Affectionate, Friendly, Intelligent, Loyal, Willful, Responsive",1
111,Giant Schnauzer,,Working,Companion,84,,10,"Dominant, Intelligent, Kind, Loyal, Powerful, Strong-willed",1
112,Glen of Imaal Terrier,,Terrier,Terrier,35,,10.42,"Active, Agile, Courageous, Gentle, Loyal, Spirited",1
113,Golden Retriever,,Sporting,Gun,71,,12.25,"Confident, Friendly, Intelligent, Kind, Reliable, Trustworthy",1
114,Gordon Setter,,Sporting,Gun,68,,11.08,"Alert, Confident, Eager, Fearless, Loyal, Intelligent",1
115,Great Dane,,Working,Guardian,170,,6.5,"Friendly, Confident, Devoted, Intelligent, Gentle, Loving, Reserved",1
116,Great Pyrenees,,Working,Guardian,99,,,"Affectionate, Confident, Fearless, Gentle, Patient, Strong-willed",1
117,Greater Swiss Mountain Dog,,Working,Guardian,132,,,"Alert, Devoted, Fearless, Good-natured, Protective, Self-confident",1
118,Greyhound,,Hound,Sight,73,,9.08,"Intelligent, Gentle, Affectionate, Athletic, Even-tempered, Quiet",1
119,Harrier,,Hound,Scenthound,49,,,"Active, Cheerful, Friendly, Outgoing, Sweet-tempered, Tolerant",1
120,Havanese,,Toy,Companion,11,,10.25,"Affectionate, Companionable, Gentle, Intelligent, Playful, Responsive",1
121,Hound,,Hound,Scenthound,71,,,"Independent, Intelligent, Kind, Loving, Loyal, Sweet-tempered",1
122,Hovawart,,Working,Guardian,84,,12.92,"Watchful, Even-tempered, Reserved, Active, Devoted",1
123,Husky,,Working,0rthern,53,,,"Alert, Friendly, Gentle, Intelligent, Outgoing",1
124,Ibizan Hound,,Hound,Sight,49,,,"Active, Clownish, Engaging, Independent, Intelligent, Stubborn",1
125,Illyrian Sheepdog,,Herding,Herding,88,,,"Independent, Reliable, Devoted, Protective",1
126,Irish Setter,,Sporting,Gun,71,,12,"Affectionate, Companionable, Energetic, Independent, Lively, Playful, Intelligent",1
127,Irish Terrier,,Terrier,Terrier,26,,14.83,"Dominant, Intelligent, Lively, Protective, Respectful, Trainable",1
128,Irish Water Spaniel,,Sporting,Gun,55,,9.33,"Active, Alert, Clownish, Inquisitive, Intelligent, Quick",1
129,Irish Wolfhound,,Hound,Scenthound,121,,7.04,"Dignified, Generous, Loyal, Patient, Sweet-tempered, Thoughtful, Intelligent",1
130,Italian Greyhound,,Toy,Companion,9,,13.5,"Affectionate, Agile, Athletic, Companionable, Intelligent, Mischevious",1
131,Italian Spi0ne,,Sporting,Gun,73,,9,"Friendly, Loyal, Affectionate, Docile, Gentle, Patient",1
132,Jack Russell Terrier,,Terrier,Terrier,15,,,"Alert, Cheerful, Courageous, Energetic, Independent",1
133,Jack Russell Terrier (Parson Russell Terrier),,Terrier,Terrier,15,,,"Energetic, Bold, Eager, Happy, Intelligent, Obedient",1
134,Japanese Chin,Japanese Spaniel,Toy,Companion,11,,9.25,"Alert, Cat-like, Independent, Intelligent, Loving, Loyal, Playful",1
135,Jindo,,Sporting,0rthern,44,,,"Active, Bold, Brave, Faithful, Intelligent, Loyal",1
136,Kai Dog,,0n Sporting,0rthern,40,,,"Intelligent, Agile, Alert, Brave",1
137,Karelian Bear Dog,,Sporting,0rthern,49,,,"Brave, Cautious, Loyal, Independent, Tenacious, Territorial",1
138,Keeshond,,0n Sporting,0rthern,40,,12.21,"Agile, Bright, Obedient, Playful, Quick, Sturdy, Intelligent",1
139,Kerry Blue Terrier,,Terrier,Terrier,37,,11.5,"Affectionate, Alert, Gentle, Loyal, Spirited, Strong-willed, Intelligent",1
140,Kishu,,Sporting,0rthern,44,,,"Alert, Dignified, Docile, Faithful, 0ble",1
141,Klee Kai,,0n Sporting,0rthern,15,,,"Active, Agile, Curious, Intelligent, Loyal, Quick, Territorial",1
142,Komondor,,Working,Guardian,130,,9.13,"Affectionate, Calm, Fearless, Gentle, Independent, Steady",1
143,Kuvasz,,Working,Guardian,108,,,"Clownish, Independent, Intelligent, Loyal, Patient, Protective",1
144,Kyi Leo,,0n Sporting,Companion,11,,,"Active, Calm, Forgiving, Obedient, Playful, Quiet",1
145,Labrador Retriever,,Sporting,Gun,71,,12.25,"Affectionate, Alert, Cheerful, Energetic, Friendly, Gentle, Intelligent, Loving, Loyal, Outgoing, Playful, Responsive, Social",1
146,Lakeland Terrier,,Terrier,Terrier,18,,15.46,"Independent, Bold, Confident, Friendly, Intelligent, Trainable",1
147,Lancashire Heeler,,Herding,Herding,11,,11.75,"Alert, Clever, Friendly, Intelligent",1
148,Leonberger,,Working,Guardian,141,,7.08,"Adaptable, Companionable, Fearless, Loving, Loyal, Obedient",1
149,Lhasa Apso,,0n Sporting,Companion,13,,14.33,"Alert, Assertive, Devoted, Friendly, Intelligent, Lively, Obedient, Playful, Spirited, Steady",1
150,Lowchen,,0n Sporting,Companion,13,,10,"Active, Familial, Friendly, Happy, Playful",1
151,Maltese,Maltese Dog,Toy,Companion,9,,12.25,"Active, Docile, Easygoing, Gentle, Intelligent, Playful, Responsive, Sweet-tempered",1
152,Manchester Terrier,,Terrier,Terrier,13,,12.83,"Active, Alert, Devoted, Discerning, Quiet, Loyal, Intelligent",1
153,Maremma Sheepdog,,Working,Guardian,84,,10,"Alert, Determined, Dignified, Friendly, Intelligent, Loyal",1
154,Mastiff,,Working,Guardian,198,,6.83,"Affectionate, Alert, Cheerful, Courageous, Intelligent, Loyal, Protective",1
155,McNab,,Herding,Herding,51,,,"Friendly, Hard-working, Obedient, Protective, Sociable, Well-mannered",1
156,Miniature Pinscher,,Toy,Companion,11,,13,"Clever, Energetic, Friendly, Outgoing, Playful, Responsive, Intelligent",1
157,Mountain Cur,,Working,Scenthound,44,,,"Intelligent, Protective",1
158,Mountain Dog,,Working,Guardian,97,,,"Affectionate, Faithful, Intelligent, Loyal",1
159,Munsterlander,,Sporting,Gun,44,,,"Intelligent, Trainable, Attentive, Mischevious",1
160,Neapolitan Mastiff,,Working,Guardian,132,,2.33,"Protective, Dominant, Fearless, Obedient, Stubborn, Trainable",1
161,New Guinea Singing Dog,,Southern,Southern,24,,,"Active, Affectionate, Alert, Gentle, Lively",1
162,Newfoundland Dog,Newfoundland,Working,Guardian,143,,9.67,"Cheerful, Courageous, Intelligent, Loyal, Social, Sweet, Gentle",1
163,0rfolk Terrier,,Terrier,Terrier,11,,11,"Companionable, Fearless, Happy, Lovable, Self-confident, Spirited, Intelligent",1
164,0rwegian Buhund,,Herding,0rthern,35,,12.67,"Agile, Courageous, Energetic, Friendly, Fun-loving",1
165,0rwegian Elkhound,,Hound,0rthern,57,,13.17,"Alert, Bold, Hardy, Loyal, Playful, Strong-willed, Intelligent",1
166,0rwegian Lundehund,,0n Sporting,0rthern,18,,,"Alert, Energetic, Loyal, Protective",1
167,0rwich Terrier,,Terrier,Terrier,11,,13.38,"Affectionate, Energetic, Hardy, Intelligent, Sensitive",1
168,0va Scotia Duck-Tolling Retriever,,Sporting,Gun Dogs,44,,8,"Affectionate, Alert, Courageous, Energetic, Gentle, Playful, Responsive",1
169,Old English Sheepdog,,Herding,Herding,86,,10.75,"Adaptable, Bubbly, Intelligent, Loving, Playful, Sociable, Protective",1
170,Otterhound,,Hound,Scenthound,90,,10.21,"Amiable, Boisterous, Even-tempered",1
171,Papillon,,Toy,Companion,11,,13.08,"Alert, Energetic, Friendly, Happy, Hardy, Intelligent",1
172,Patterdale Terrier (Fell Terrier),,Terrier,Terrier,13,,,"Bold, Confident, Energetic, Friendly, Inquisitive, Intelligent",1
173,Pekingese,,Toy,Companion,9,,11.42,"Affectionate, Aggressive, Good-natured, Intelligent, Opinionated, Stubborn",1
174,Peruvian Inca Orchid,,Hound,Sight,22,,,"Affectionate, Alert, Intelligent, Lively, 0ble, Protective",1
175,Petit Basset Griffon Vendeen,,Hound,Scenthound,35,,,"Active, Extroverted, Friendly, Happy, Independent, Lively, Intelligent",1
176,Pharaoh Hound,,Hound,Sight,51,,11.83,"Active, Affectionate, Intelligent, Playful, Sociable, Trainable",1
177,Pit Bull Terrier,,Terrier,Terrier,51,,,"Affectionate, Aggressive, Clownish, Courageous, Friendly, Intelligent, Loyal, Obedient, Strong-willed, Stubborn",1
178,Plott Hound,,Hound,Scenthound,57,,,"Alert, Bold, Courageous, Loyal",1
179,Podengo Portugueso,,Hound,Sight,11,,,"Active, Companionable, Friendly, Hardy, Lively, Loyal",1
180,Pointer,,Sporting,Gun,55,,12.42,"Active, Affectionate, Amiable, Even-tempered, Kind, Loyal, Intelligent",1
181,Polish Lowland Sheepdog,,Herding,Herding,42,,9.58,"Agile, Even-tempered, Lively, Perceptive, Self-confident",1
182,Pomeranian,,Toy,Companion,4,,9.67,"Active, Extroverted, Friendly, Intelligent, Lively, Playful, Sociable",1
183,Poodle,,0n Sporting,Gun,57,Long,,"Active, Alert, Faithful, Instinctual, Intelligent, Trainable",1
184,Standard Poodle,,0n Sporting,Gun,57,,12,"Active, Alert, Faithful, Instinctual, Intelligent, Trainable",1
185,Miniature Poodle,,Toy,Companion,18,,,"Active, Alert, Faithful, Instinctual, Intelligent, Trainable",1
186,Toy Poodle,,Toy,Companion,9,Long,,"Active, Alert, Faithful, Instinctual, Intelligent, Trainable",1
187,Portuguese Water Dog,,Working,Gun,49,,11.42,"Brave, Docile, Impetuous, Intelligent, Obedient, Quarrelsome",1
188,Presa Canario,,Working,Guardian,88,,,"Calm, Dominant, Gentle, Strong-willed, Suspicious",1
189,Pug,,Toy,Companion,18,,11,"Affectionate, Cheerful, Courageous, Gentle, Intelligent, Friendly, Outgoing, Playful, Loyal",1
190,Puli,,Herding,Herding,31,,,"Agile, Energetic, Faithful, Intelligent, Loyal, Obedient",1
191,Pumi,,Herding,Herding,29,,,"Active, Intelligent, Lively, Protective, Reserved, Vocal",1
192,Rat Terrier,,Terrier,Terrier,24,,,"Affectioante, Alert, Inquisitive, Lively, Loving",1
193,Redbone Coonhound,Redbone,Hound,Scenthound,62,,,"Affectionate, Companionable, Energetic, Familial, Independent, Unflappable",1
194,Retriever,,Sporting,Gun,71,,,"Confident, Friendly, Intelligent, Kind, Reliable, Trustworthy",1
195,Rhodesian Ridgeback,,Hound,Sight,86,,11,"Dignified, Intelligent, Loyal, Mischevious, Sensitive, Strong-willed",1
196,Rottweiler,,Working,Guardian,112,,8.92,"Alert, Courageous, Fearless, Good-natured, Independent, Intelligent, Loyal, Protective",1
197,Saint Bernard,,Working,Guardian,146,,,"Friendly, Gentle, Independent, Intelligent, Outgoing, Quiet, Social",1
198,Saluki,,Hound,Sight,46,,12,"Aloof, Intelligent, Quiet, Reserverd, Loyal",1
199,Samoyed,,Working,0rthern,57,Long,12.5,"Alert, Lively, Friendly, Intelligent, Playful, Sociable, Stubborn",1
200,Sarplaninac,,Working,Guardian,73,,,"Independent, Calm, Devoted, Intelligent, Protective, Reliable",1
201,Schipperke,,0n Sporting,Companion,15,,13,"Agile, Confident, Curious, Faithful, Fearless, Independent, Intelligent",1
202,Miniature Schnauzer,,Terrier,Companion,18,,,"Devoted, Good-natured, Intelligent, Lively, Playful, Trainable",1
203,Schnauzer,Standard Schnauzer,Working,Herding,37,Long,11.96,"Devoted, Good-natured, Intelligent, Lively, Playful, Trainable",1
204,Giant Schnauzer,,Working,Herding,68,,,"Devoted, Good-natured, Intelligent, Lively, Playful, Trainable",1
205,Scottish Deerhound,,Hound,Sight,93,,,"Dignified, Docile, Friendly, Gentle, Polite, Quiet",1
206,Scottish Terrier Scottie,Scotch Terrier,Terrier,Terrier,20,,,"Independent, Fiesty, Alert, Playful, Quick, Self-assured",1
207,Sealyham Terrier,,Terrier,Terrier,20,,10.25,"Alert, Calm, Even-tempered, Fearless, Friendly, Intelligent",1
208,Setter,,Sporting,Gun,66,,,"Strong-willed, Mischevious, Gentle, Energetic, Intelligent",1
209,Shar Pei,,0n Sporting,0rthern,49,,6.29,"Affectionate, Devoted, Independent, Loving, Reserved, Suspicious",1
210,Sheep Dog,,Herding,Herding,86,,,"Adaptable, Bubbly, Intelligent, Loving, Playful, Sociable, Protective",1
211,Shepherd,,Herding,Herding,77,,,"Alert, Confident, Courageous, Curious, Intelligent, Loyal, Obedient, Watchful",1
212,Shetland Sheepdog Sheltie,Shetland Sheepdog,Herding,Herding,20,,12.5,"Affectionate, Friendly, Gentle, Intelligent, Lively, Playful, Responsive",1
213,Shiba Inu,,0n Sporting,Companion,22,,7,"Alert, Charming, Confident, Faithful, Fearless, Keen, Outgoing",1
214,Shih Tzu,,Toy,Companion,13,,13.17,"Active, Courageous, Friendly, Gentle, Happy, Intelligent, Lively, Outgoing, Playful",1
215,Siberian Husky,,Working,0rthern,53,,12.58,"Alert, Friendly, Gentle, Intelligent, Outgoing",1
216,Silky Terrier,,Toy,Terrier,11,,,"Alert, Friendly, Inquisitive, Joyful, Quick, Responsive, Intelligent",1
217,Skye Terrier,,Terrier,Terrier,37,,11,"Loyal, Fearless, Friendly, Good-tempered, Intelligent",1
218,Sloughi,,Hound,Sight,62,,,"Alert, Faithful, Intelligent, Sensitive, Independent, Playful, Sweet",1
219,Smooth Fox Terrier,,Terrier,Terrier,18,,,"Active, Affectionate, Alert, Fearless, Intelligent, Playful",1
220,South Russian Ovtcharka,,Herding,Herding,108,,,"Active, Balanced, Courageous, Lively, Nervous",1
221,Spaniel,,Sporting,Gun,22,,,"Even Tempered, Joyful, Merry, Outgoing, Intelligent, Sociable, Trusting",1
222,Spitz,,0n Sporting,0rthern,18,,,"Alert, Energetic, Friendly, Independent, Intelligent, Protective",1
223,Staffordshire Bull Terrier,Staffordshire Bullterrier,Terrier,Terrier,31,,12.75,"Affectionate, Bold, Courageous, Fearless, Intelligent, Reliable",1
224,Sussex Spaniel,,Sporting,Gun,42,,11.13,"Calm, Cheerful, Companionable, Devoted, Friendly, Sociable",1
225,Swedish Vallhund,,Herding,Herding,29,,,"Alert, Energetic, Fearless, Friendly, Watchful",1
226,Terrier,,Terrier,Terrier,18,,,"Affectionate, Alert, Courageous, Intelligent, Friendly, Hardy, Independent",1
227,Thai Ridgeback,,Hound,Sight,62,,,"Familial, Independent, Loving, Loyal, Protective",1
228,Tibetan Mastiff,,Working,Guardian,157,,,"Aloof, Protective, Strong-willed, Stubborn, Courageous, Loyal",1
229,Tibetan Spaniel,,0n Sporting,Companion,13,,,"Intelligent, Assertive, Aloof, Happy, Independent, Willful",1
230,Tibetan Terrier,,0n Sporting,Companion,22,,,"Affectionate, Amiable, Energetic, Gentle, Reserved, Sensitive, Intelligent",1
231,Tosa Inu,,Working,Guardian,143,,,"Aggressive, Brave, Fearless, Intelligent, Sensitive, Suspicious",1
232,Toy Fox Terrier,Toy Terrier,Toy,Terrier,4,Long,,"Alert, Friendly, Intelligent, Loyal, Playful, Spirited",1
233,Treeing Walker Coonhound,Walker Hound,Hound,Scenthound,62,,,"Affectionate, Clever, Confident, Loving, Trainable",1
234,Vizsla,,Sporting,Gun,46,,,"Affectionate, Cheerful, Energetic, Gentle, Intelligent, Playful, Protective, Quiet",1
235,Weimaraner,,Sporting,Gun,64,,,"Alert, Aloof, Energetic, Fast, Intelligent, Powerful, Steady, Stubborn, Social",1
236,Welsh Corgi,,Herding,Herding,29,,,"Active, Affectionate, Alert, Companionable, Devoted, Gentle, Intelligent",1
237,Cardigan,,Herding,Herding,35,,,"Active, Affectionate, Alert, Companionable, Devoted, Gentle, Intelligent",1
238,Pembroke,,Herding,Herding,26,,,"Active, Affectionate, Alert, Companionable, Devoted, Gentle, Intelligent",1
239,Welsh Springer Spaniel,,Sporting,Gun,40,,,"Affectionate, Loyal, Active, Friendly, Playful, Stubborn, Intelligent",1
240,Welsh Terrier,,Terrier,Terrier,20,,,"Alert, Friendly, Intelligent, Spirited, Independent, Loving",1
241,West Highland White Terrier Westie,West Highland White Terrier,Terrier,Terrier,18,,13,"Affectionate, Alert, Courageous, Intelligent, Friendly, Hardy, Independent",1
242,Wheaten Terrier,Soft Coated Wheaten Terrier,Terrier,Terrier,40,,,"Affectionate, Energetic, Faithful, Intelligent, Playful, Spirited",1
243,Whippet,,Hound,Sight,35,,12.79,"Affectionate, Friendly, Gentle, Intelligent, Lively, Quiet",1
244,White German Shepherd,,Herding,Herding,77,,,"Alert, Confident, Courageous, Curious, Intelligent, Loyal, Obedient, Watchful",1
245,Wire Fox Terrier,Wire Haired Fox Terrier,Terrier,Terrier,15,,,"Alert, Bold, Fearless, Friendly, Keen, Quick, Intelligent",1
246,Wire-haired Pointing Griffon,,Sporting,Gun,55,,,"Gentle, Loyal, Proud, Trainable, Vigilant, Intelligent",1
247,Wirehaired Terrier,,Terrier,Terrier,15,,,"Alert, Bold, Fearless, Friendly, Keen, Quick, Intelligent",1
248,Xoloitzcuintle/Mexican Hairless,Mexican Hairless,0n Sporting,Sight,24,,,"Aleret, Calm, Cheerful, Companionable, Loyal, Protective",1
249,Yellow Labrador Retriever,,Sporting,Gun,71,,,"Affectionate, Alert, Cheerful, Energetic, Friendly, Gentle, Intelligent, Loving, Loyal, Outgoing, Playful, Responsive, Social",1
250,Yorkshire Terrier Yorkie,Yorkshire Terrier,Toy,Companion,7,,12.67,"Alert, Courageous, Energetic, Independent, Intelligent, Loyal, Playful",1
251,Mixed Breed,,,,,,,,1
252,Abyssinian,,,,9,Short,,"Active, Energetic, Independent, Intelligent, Gentle",2
253,American Curl,,,,9,Medium,,"Affectionate, Curious, Intelligent, Interactive, Lively, Playful, Social",2
254,American Shorthair,,,,13,Short,,"Active, Curious, Easygoing, Playful, Calm",2
255,American Wirehair,,,,13,Medium,,"Affectionate, Curious, Gentle, Intelligent, Interactive, Lively, Loyal, Playful, Sensible, Social",2
256,Applehead Siamese,,,,13,Short,,"Active, Agile, Clever, Sociable, Loving, Energetic",2
257,Balinese,,,,9,Long,,"Affectionate, Intelligent, Playful",2
258,Bengal,,,,13,Medium,,"Active, Agile, Lively, Affectionate, Energetic, Rambunctious",2
259,Birman,,,,11,Long,,"Affectionate, Active, Gentle, Social",2
260,Bobtail,,,,13,Medium,,"Intelligent, Interactive, Lively, Playful, Sensitive",2
261,Bombay,,,,9,Short,,"Affectionate, Dependent, Gentle, Intelligent, Playful",2
262,British Shorthair,,,,15,Short,,"Affectionate, Easygoing, Gentle, Loyal, Patient, Calm",2
263,Burmese,,,,11,Short,,"Curious, Intelligent, Gentle, Social, Interactive, Playful, Lively",2
264,Burmilla,,,,11,Long,,"Easygoing, Friendly, Intelligent, Lively, Playful, Social",2
265,Calico,,,,13,Short,,"Active, Curious, Easygoing, Playful, Calm",2
266,Canadian Hairless,,,,11,Bald,,"Loyal, Inquisitive, Friendly, Quiet, Gentle",2
267,Chartreux,,,,13,Short,,"Affectionate, Loyal, Intelligent, Social, Lively, Playful",2
268,Chausie,,,,11,Short,,"Affectionate, Intelligent, Playful, Social",2
269,Chinchilla,,,,2,Short,,"Active, Playful",2
270,Cornish Rex,,,,7,Short,,"Affectionate, Intelligent, Active, Curious, Playful",2
271,Cymric,,,,11,Long,,"Gentle, Loyal, Intelligent, Playful",2
272,Devon Rex,,,,7,Short,,"Intelligent, Active, Mischevious, Playful",2
273,Dilute Calico,,,,13,Short,,"Active, Curious, Easygoing, Playful, Calm",2
274,Dilute Tortoiseshell,,,,13,Short,,"Active, Curious, Easygoing, Playful, Calm",2
275,Domestic Long Hair,,,,13,Long,,"Active, Curious, Easygoing, Playful, Calm",2
276,Domestic Medium Hair,,,,13,Medium,,"Active, Curious, Easygoing, Playful, Calm",2
277,Domestic Short Hair,,,,13,Short,,"Active, Curious, Easygoing, Playful, Calm",2
278,Egyptian Mau,,,,11,Medium,,"Agile, Dependent, Gentle, Intelligent, Lively, Loyal, Playful",2
279,Exotic Shorthair,,,,11,Short,,"Affectionate, Sweet, Loyal, Quiet, Peaceful",2
280,Extra-Toes Cat (Hemingway Polydactyl),,,,11,Medium,,Six-Toed,2
281,Havana,,,,9,Medium,,"Affectionate, Curious, Demanding, Friendly, Intelligent, Playful",2
282,Himalayan,,,,13,Long,,"Dependent, Gentle, Intelligent, Quiet, Social",2
283,Japanese Bobtail,,,,9,Long,,"Active, Agile, Clever, Easygoing, Intelligent, Lively, Loyal, Playful, Social",2
284,Javanese,,,,9,Medium,,"Active, Devoted, Intelligent, Playful",2
285,Korat,,,,9,Long,,"Affectionate, Friendly, Gentle, Intelligent, Playful, Quiet",2
286,LaPerm,,,,9,Long,,"Intelligent, Clever, Active, Genlte",2
287,Maine Coon,,,,15,Long,,"Adaptable, Intelligent, Loving, Gentle, Independent",2
288,Manx,,,,11,Short,,"Easygoing, Intelligent, Loyal, Playful, Social",2
289,Munchkin,,,,7,Medium,,"Agile, Easygoing, Intelligent, Playful",2
290,Nebelung,,,,9,Long,,"Gentle, Quiet, Shy, Playful",2
291,0rwegian Forest Cat,,,,13,Long,,"Sweet, Active, Intelligent, Social, Playful, Lively, Curious",2
292,Ocicat,,,,13,Short,,"Active, Agile, Curious, Demanding, Friendly, Gentle, Lively, Playful, Social",2
293,Oriental Long Hair,,,,9,Long,,"Energetic, Affectionate, Intelligent, Social, Playful, Curious",2
294,Oriental Short Hair,,,,9,Short,,"Energetic, Affectionate, Intelligent, Social, Playful, Curious",2
295,Oriental Tabby,,,,9,Medium,,"Energetic, Affectionate, Intelligent, Social, Playful, Curious",2
296,Persian,,,,13,Long,,"Affectionate, Loyal, Sedate, Quiet",2
297,Pixie-Bob,,,,13,Medium,,"Affectionate, Social, Intelligent, Loyal",2
298,Ragamuffin,,,,15,Medium,,"Affectionate, Friendly, Gentle, Calm",2
299,Ragdoll,,,,15,Long,,"Affectioante, Friendly, Gentle, Quiet, Easygoing",2
300,Russian Blue,,,,9,Short,,"Active, Dependent, Easygoing, Gentle, Intelligent, Loyal, Playful, Quiet",2
301,Scottish Fold,,,,9,Short,,"Affectionate, Intelligent, Loyal, Playful, Social, Sweet, Loving",2
302,Selkirk Rex,,,,13,Long,,"Active, Affectionate, Dependent, Gentle, Patient, Playful, Quiet, Social",2
303,Siamese,,,,13,Short,,"Active, Agile, Clever, Sociable, Loving, Energetic",2
304,Siberian,,,,13,Long,,"Intelligent, Loyal, Quiet, Active",2
305,Silver,,,,13,Short,,"Active, Curious, Easygoing, Playful, Calm",2
306,Singapura,,,,7,Short,,"Affectionate, Curious, Easygoing, Intelligent, Interactive, Lively, Loyal",2
307,S0wshoe,,,,11,Short,,"Affectionate, Social, Intelligent, Sweet-tempered",2
308,Somali,,,,11,Long,,"Mischevious, Tenacious, Intelligent, Affectionate, Gentle, Interactive, Loyal",2
309,Sphynx (hairless cat),,,,11,Bald,,"Loyal, Inquisitive, Friendly, Quiet, Gentle",2
310,Tabby,,,,13,Short,,"Active, Curious, Easygoing, Playful, Calm",2
311,Tiger,,,,13,Short,,"Playful, Social, Intelligent",2
312,Tonkinese,,,,11,Medium,,"Curious, Intelligent, Social, Lively, Outgoing, Playful, Affectionate",2
313,Torbie,,,,13,Short,,"Active, Curious, Easygoing, Playful, Calm",2
314,Tortoiseshell,,,,13,Short,,"Active, Curious, Easygoing, Playful, Calm",2
315,Turkish Angora,,,,9,Long,,"Affectionate, Agile, Clever, Gentle, Intelligent, Playful, Social",2
316,Turkish Van,,,,13,Long,,"Agile, Intelligent, Loyal, Playful, Energetic",2
317,Tuxedo,,,,13,Short,,"Active, Curious, Easygoing, Playful, Calm",2
318,Mixed Breed,,,,,,,,2
