Agent_ID,Agent_name,City,State
101,Petco,Austin,TX
102,PetSmart,Austin,TX
103,PetFoodExpress,Austin,TX
104,Animal Behavior College,Austin,TX
105,Karma Dog Training,Austin,TX
106,The Naked Dog,Austin,TX
107,Off Leash,Berkeley,CA
108,Bravo!Pup,Berkeley,CA
109,Berkeley Humane,Berkeley,CA
110,Petco,Berkeley,CA
111,PetFoodExpress,Berkeley,CA
112,PetSmart,Berkeley,CA
113,Waggology Dog Training,Berkeley,CA
114,Happy Paws,Los Angeles,CA
115,Koru K9,Los Angeles,CA
116,Doggie Manners,Los Angeles,CA
117,Zoom Room Dog Training,Los Angeles,CA
118,Tully's Training,Los Angeles,CA
119,Hollywood Dog Trainning,Los Angeles,CA
120,Petco,Los Angeles,CA
121,GOfetch,Long Beach,CA
122,Petco,Long Beach,CA
123,PetSmart,Long Beach,CA
124,PetFoodExpress,Long Beach,CA
125,GOfetch,Long Beach,CA
126,Off Leash SoCal,Long Beach,CA
127,Off Leash,New York City,NY
128,Petco,New York City,NY
129,Follow My Lead,New York City,NY
130,PetSmart,New York City,NY
131,Hudson Barks,New York City,NY
132,Wag the Dog Urban Dog Training,New York City,NY
133,Good to the Bone Dog Training,New York City,NY
134,WiggleWag,Pasadena,CA
135,Petco,Pasadena,CA
136,PetSmart,Pasadena,CA
137,"A-Team Dog Training, LLC",Pasadena,CA
138,I Dig My Dog,Pasadena,CA
139,The Bowhaus Pet Company,Pasadena,CA
140,Petco,Phoneix,AZ
141,PetSmart,Phoneix,AZ
142,Zenergy Dog Training,Phoneix,AZ
143,Dog Training Elite,Phoneix,AZ
144,Learning Pawsibilities Dog Training School,Phoneix,AZ
145,Sit Means Sit Phoenix,Phoneix,AZ
146,Karma Dog Training,San Antonio,TX
147,Petco,San Antonio,TX
148,LOMA Behavior and Training,San Antonio,TX
149,Karma Dog Training,San Antonio,TX
150,Bulletproof Dog Training,San Antonio,TX
151,Camp Bow Wow,San Antonio,TX
152,"SOL Dogs, LLC",San Diego,CA
153,Who's Walking Who?,San Diego,CA
154,Woof! Dog Training,San Diego,CA
155,Sit Stay Come Dog Training,San Diego,CA
156,Petco,San Diego,CA
157,PetFoodExpress,San Diego,CA
158,Karma Dog Training,San Diego,CA
159,Absolute K-9,San Diego,CA
160,Petco,San Jose,CA
161,Petsmart,San Jose,CA
162,PetFoodExpress,San Jose,CA
163,SIRIUS Puppy & Dog Training,San Jose,CA
164,Happy Tails to You Dog Training,San Jose,CA
165,Lori Hamilton's Dog Training,San Jose,CA
166,Bay Area Dog Training,San Jose,CA
167,D For Dog Inc,San Jose,CA
168,"Pawsitive Pets, LLC",West Lafayette,IN
169,Petco,West Lafayette,IN
170,"Wanderlust K9, LLC",West Lafayette,IN
171,Klondike Kennels,West Lafayette,IN
172,Pooch Palace Resort,West Lafayette,IN
173,Pet Valu,West Lafayette,IN
173,Petsmart,West Lafayette,IN